{
  "spacing_column": "wiggle_spacing_m",
  "profile": "uniform",
  "n_observations": 34,
  "n_valid_NL": 34,
  "n_valid_L": 34,
  "rmse_NL_m": 124.50693936483553,
  "bias_NL_m": -64.58613169473966,
  "r_squared_NL": -0.3680174404886407,
  "rmse_L_m": 158.1606764702832,
  "bias_L_m": -116.97311570641092,
  "r_squared_L": -1.2075042428939824,
  "capture_rate_2x_NL": 0.7647058823529411,
  "R0": 120.0,
  "kappa": 1.4251844185380738,
  "lcNL": 0.8044485652134712,
  "lcL": 1.1464875606575486,
  "RcNL": 246.09376020896653,
  "RcL": 182.07996518943997
}