{
  "score": 92.61534208909578,
  "score_terms": {
    "rmse": 63.87950326555068,
    "bias": 1.3974826154492384,
    "range": 6.195056289596848,
    "low_quantile": 4.282917453970254,
    "high_quantile": 2.797146876997573,
    "variability": 14.063235587531189,
    "duration": 0.0,
    "setup": 0.0
  },
  "metrics": {
    "spacing_column": "manual_spacing_m",
    "profile": "shallow_lake_dynamic",
    "n_observations": 39,
    "n_valid_NL": 39,
    "n_valid_L": 39,
    "rmse_NL_m": 57.29017673952505,
    "bias_NL_m": 19.643942815825568,
    "r_squared_NL": -0.1328577571111853,
    "rmse_L_m": 58.48146529655712,
    "bias_L_m": -22.858946135722142,
    "r_squared_L": -0.18046074599853767,
    "capture_rate_2x_NL": 0.6153846153846154,
    "rmse_timeline_obs_m": 63.87950326555068,
    "bias_timeline_obs_m": 5.589930461796953,
    "r_squared_timeline_obs": -0.4084392501247649,
    "capture_rate_timeline_obs_2x": 0.6923076923076923,
    "timeline_spacing_q10_m": 50.92610347892563,
    "timeline_spacing_q90_m": 106.85278894049394,
    "timeline_spacing_std_mean_m": 7.312254804156271,
    "timeline_spacing_vs_integrated_supercriticality_corr": -0.8941911346461504,
    "timeline_spacing_vs_coherent_run_corr": 0.9202007457688076,
    "timeline_spacing_vs_coherent_run_mean_corr": 0.7921311843739238,
    "timeline_spacing_vs_setup_corr": 0.9389252962533884,
    "kappa_mean": 2.1057185199861186,
    "kappa_min": 2.100617485663704,
    "kappa_max": 2.107321277332965,
    "Ra_mean": 37976.56399605547,
    "Ra_min": 31835.29199144628,
    "Ra_max": 39650.65767342675,
    "diagnostic_best_family": "wave_history_proxy",
    "diagnostic_best_family_loocv_r2": 0.018007145849455175,
    "observed_q10_m": 40.218809844,
    "observed_q90_m": 99.859921748,
    "predicted_q10_m": 50.92610347892563,
    "predicted_q90_m": 106.85278894049394,
    "mean_timeline_std_m": 7.312254804156271,
    "duration_corr_predicted_vs_coherent_run_at_obs": 0.9202007457688076,
    "duration_corr_predicted_vs_coherent_run_mean_prev_48h": 0.7921311843739238,
    "setup_corr_predicted_vs_setup_at_obs": 0.9389252962533884
  },
  "dynamics": {
    "relaxation_hours": 6.509754080618333,
    "decay_hours": 13.728498294986919,
    "coherent_u_star_threshold": 0.003511873244080891,
    "coherent_u_star_scale": 0.0021532548277782004,
    "coherent_coherence_threshold": 0.6884618113146896,
    "coherent_decay_hours": 11.057228639499552,
    "coherent_hours_cap": 119.73215383576425,
    "setup_hours_scale": 17.69336542041968,
    "setup_supercriticality_scale": 0.70126488525666,
    "onset_mode_blend_power": 1.835872624908851,
    "recovery_gate_floor": 0.325378692228376,
    "expression_near_onset_setup": 0.33335285438746226,
    "expression_near_onset_hours": 3.296640585380991,
    "merge_amplitude_threshold": 0.6328930041164491,
    "merge_setup_threshold": 0.6389448773616493,
    "merge_min_age_hours": 4.412660631148512,
    "merge_timescale_hours": 9.773365741308625,
    "merge_coherent_hours_threshold": 32.46361069916801,
    "merge_u_star_threshold": 0.005736174063824999,
    "merge_step_factor": 0.8058708472101768
  },
  "trial_name": "sample_001"
}