{
  "spacing_column": "manual_spacing_m",
  "profile": "uniform",
  "n_observations": 39,
  "n_valid_NL": 39,
  "n_valid_L": 39,
  "rmse_NL_m": 53.835389273137345,
  "bias_NL_m": -1.0030010095515054,
  "r_squared_NL": -0.00034723044667139824,
  "rmse_L_m": 57.964478835616596,
  "bias_L_m": -21.50901391323122,
  "r_squared_L": -0.1596820353741808,
  "capture_rate_2x_NL": 0.9230769230769231,
  "R0": 120.0,
  "kappa": 1.4251844185380738,
  "lcNL": 0.8044485652134712,
  "lcL": 1.1464875606575486,
  "RcNL": 246.09376020896653,
  "RcL": 182.07996518943997
}