{
  "score": 111.85981499932714,
  "score_terms": {
    "rmse": 55.93875043172831,
    "bias": 0.26640688073806457,
    "range": 13.451235890695791,
    "variability": 18.970885817053116,
    "duration": 23.23253597911186,
    "setup": 0.0
  },
  "metrics": {
    "spacing_column": "manual_spacing_m",
    "profile": "shallow_lake_dynamic",
    "n_observations": 39,
    "n_valid_NL": 39,
    "n_valid_L": 39,
    "rmse_NL_m": 57.29017673952505,
    "bias_NL_m": 19.643942815825568,
    "r_squared_NL": -0.1328577571111853,
    "rmse_L_m": 58.48146529655712,
    "bias_L_m": -22.858946135722142,
    "r_squared_L": -0.18046074599853767,
    "capture_rate_2x_NL": 0.6153846153846154,
    "rmse_timeline_obs_m": 55.93875043172831,
    "bias_timeline_obs_m": -1.0656275229522583,
    "r_squared_timeline_obs": -0.08004184064629305,
    "capture_rate_timeline_obs_2x": 0.8717948717948718,
    "timeline_spacing_q10_m": 61.32289914109577,
    "timeline_spacing_q90_m": 82.53190850025065,
    "timeline_spacing_std_mean_m": 5.676371394315628,
    "timeline_spacing_vs_integrated_supercriticality_corr": -0.7293014391644743,
    "timeline_spacing_vs_setup_corr": 0.7664955498097528,
    "kappa_mean": 2.1057185199861186,
    "kappa_min": 2.100617485663704,
    "kappa_max": 2.107321277332965,
    "Ra_mean": 37976.56399605547,
    "Ra_min": 31835.29199144628,
    "Ra_max": 39650.65767342675,
    "diagnostic_best_family": "wave_history_proxy",
    "diagnostic_best_family_loocv_r2": 0.018007145849455175,
    "observed_q10_m": 40.218809844,
    "observed_q90_m": 99.859921748,
    "predicted_q10_m": 61.32289914109577,
    "predicted_q90_m": 82.53190850025065,
    "mean_timeline_std_m": 5.676371394315628,
    "duration_corr_predicted_vs_integrated_supercriticality": -0.7293014391644743,
    "setup_corr_predicted_vs_setup_at_obs": 0.7664955498097528
  },
  "dynamics": {
    "relaxation_hours": 7.326895787241676,
    "decay_hours": 17.392179071529267,
    "setup_relaxation_hours": 23.231341442937957,
    "setup_decay_hours": 38.074458897618264,
    "setup_u_star_scale": 0.002982451102879179,
    "setup_supercriticality_scale": 0.9275580895064222,
    "setup_coherence_floor": 0.07600395126126852,
    "immature_l_bias": 1.5569093630939206,
    "recovery_gate_floor": 0.32848604244138263,
    "merge_amplitude_threshold": 0.2819260485805317,
    "merge_setup_threshold": 0.5219276059056441,
    "merge_min_age_hours": 8.875096316180437,
    "merge_timescale_hours": 16.417729494765386,
    "merge_u_star_threshold": 0.001354356625515338,
    "merge_step_factor": 0.7773464908059073
  },
  "trial_name": "sample_023"
}