{
  "spacing_column": "wiggle_spacing_m",
  "profile": "uniform",
  "n_observations": 34,
  "n_valid_NL": 31,
  "n_valid_L": 31,
  "rmse_NL_m": 147.637960692366,
  "bias_NL_m": -97.11348693411725,
  "r_squared_NL": -0.7626618598325077,
  "rmse_L_m": 161.8650204182212,
  "bias_L_m": -117.61949983779695,
  "r_squared_L": -1.118746239724365,
  "capture_rate_2x_NL": 0.5483870967741935,
  "R0": 120.0,
  "kappa": 1.4251844185380738,
  "lcNL": 0.8044485652134712,
  "lcL": 1.1464875606575486,
  "RcNL": 246.09376020896653,
  "RcL": 182.07996518943997
}