{
  "spacing_column": "manual_spacing_m",
  "profile": "shallow_lake_dynamic",
  "n_observations": 39,
  "n_valid_NL": 39,
  "n_valid_L": 39,
  "n_fallback": 0,
  "rmse_NL_m": 60.53581276682389,
  "bias_NL_m": -29.550703401826286,
  "r_squared_NL": -0.26485229802778965,
  "rmse_L_m": 59.63212669227902,
  "bias_L_m": -25.68187381050688,
  "r_squared_L": -0.2273704269077086,
  "capture_rate_2x_NL": 0.8461538461538461,
  "rmse_timeline_obs_m": 60.53581276682389,
  "bias_timeline_obs_m": -29.550703401826286,
  "r_squared_timeline_obs": -0.26485229802778965,
  "capture_rate_timeline_obs_2x": 0.8461538461538461,
  "timeline_spacing_q10_m": 37.52088395235594,
  "timeline_spacing_q90_m": 46.04445381449719,
  "timeline_spacing_std_mean_m": 2.3547314181563777,
  "timeline_core_spacing_q10_m": 37.52088395235594,
  "timeline_core_spacing_q90_m": 46.04445381449719,
  "rmse_timeline_core_obs_m": 60.53581276682389,
  "timeline_visibility_q10": 0.0717427281166981,
  "timeline_visibility_q90": 0.4059546503911689,
  "timeline_core_spacing_range_mean_m": 8.886851519531778,
  "timeline_state_saturated_fraction": 0.0,
  "timeline_spacing_vs_integrated_supercriticality_corr": 0.4234351449724791,
  "timeline_spacing_vs_wind_mean_corr": -0.5162209109721911,
  "timeline_core_spacing_vs_wind_mean_corr": -0.5162209109721911,
  "rmse_timeline_cl_obs_m": 61.60715153830812,
  "bias_timeline_cl_obs_m": -32.515578329944105,
  "rmse_timeline_response_obs_m": 68.26103269827563,
  "bias_timeline_response_obs_m": 41.98831809879774,
  "timeline_spacing_vs_coherent_run_corr": 0.09940832141935127,
  "timeline_spacing_vs_coherent_run_mean_corr": 0.11366037847148458,
  "timeline_spacing_vs_setup_corr": -0.9320434658542291,
  "timeline_spacing_vs_cancellation_corr": -0.8031272899800224,
  "mismatch_class_counts": {
    "envelope_match": 21,
    "visibility-limited": 15,
    "observation-outside-envelope": 3
  },
  "kappa_mean": 4.941412501814228,
  "kappa_min": 4.729924576229951,
  "kappa_max": 5.4324198730884925,
  "wavenumber_ratio_mean": 1.4907964991682223,
  "Ra_mean": 481.52774665636997,
  "Ra_min": 452.10034728124344,
  "Ra_max": 539.4919786932506,
  "diagnostic_best_family": "wind_history",
  "diagnostic_best_family_loocv_r2": 0.04217799833787628
}