{
  "manual": {
    "n_observations": 39,
    "regression": {
      "slope": 0.0857604499531387,
      "intercept": 0.3408660754527823,
      "r2": 0.007102206162537206,
      "r": 0.08427458788114876
    },
    "tests": {
      "hourly_before_mean": 0.3344490219749575,
      "hourly_after_mean": 0.335823718665095,
      "obs_before_q90_mean": 0.3709815868605663,
      "obs_after_q90_mean": 0.3726816232662741,
      "ks_statistic": 0.028268358625501484,
      "ks_pvalue": 0.42565961548671677,
      "mannwhitney_u": 1756318.0,
      "mannwhitney_pvalue": 0.33504806933152087,
      "wilcoxon_statistic": 371.0,
      "wilcoxon_pvalue": 0.7985112731585104,
      "paired_t_statistic": -0.26183280968416556,
      "paired_t_pvalue": 0.7948644434502871
    }
  },
  "wiggle": {
    "n_observations": 34,
    "regression": {
      "slope": 0.08154456572449344,
      "intercept": 0.33859466835629676,
      "r2": 0.004865812821598925,
      "r": 0.06975537844208629
    },
    "tests": {
      "hourly_before_mean": 0.3178587201643884,
      "hourly_after_mean": 0.33386329300735423,
      "obs_before_q90_mean": 0.3472730398475143,
      "obs_after_q90_mean": 0.366912897578487,
      "ks_statistic": 0.22137605042016806,
      "ks_pvalue": 6.872683693506935e-36,
      "mannwhitney_u": 1022769.0,
      "mannwhitney_pvalue": 7.53955077518441e-35,
      "wilcoxon_statistic": 151.0,
      "wilcoxon_pvalue": 0.011234543286263943,
      "paired_t_statistic": -2.969096291982121,
      "paired_t_pvalue": 0.005528349575001665
    }
  }
}