{
  "counts_by_location_dataset": {
    "manual": {
      "China": 5,
      "Ireland": 25,
      "America": 9
    },
    "wiggle": {
      "China": 25,
      "Ireland": 2,
      "America": 7
    }
  },
  "development_summary": [
    {
      "location": "China",
      "manual_n": 5,
      "wiggle_n": 25,
      "manual_mean": 0.051634081009072706,
      "wiggle_mean": 0.07588092516494944,
      "manual_median": 0.0487855857261061,
      "wiggle_median": 0.073373808767873,
      "mean_diff_wiggle_minus_manual": 0.02424684415587674,
      "median_diff_wiggle_minus_manual": 0.024588223041766902,
      "cliffs_delta_wiggle_vs_manual": 0.168,
      "cohens_d_wiggle_vs_manual": 0.41633100075096907,
      "auc_wiggle_gt_manual": 0.584,
      "mannwhitney_pvalue": 0.5772846905615634,
      "ks_pvalue": 0.3326175739968843,
      "mannwhitney_qvalue": 0.5772846905615634
    },
    {
      "location": "Ireland",
      "manual_n": 25,
      "wiggle_n": 2,
      "manual_mean": 0.1176096660245649,
      "wiggle_mean": 0.0439375264322521,
      "manual_median": 0.0894296561288359,
      "wiggle_median": 0.0439375264322521,
      "mean_diff_wiggle_minus_manual": -0.0736721395923128,
      "median_diff_wiggle_minus_manual": -0.0454921296965838,
      "cliffs_delta_wiggle_vs_manual": -0.38,
      "cohens_d_wiggle_vs_manual": -0.7943652442425947,
      "auc_wiggle_gt_manual": 0.31,
      "mannwhitney_pvalue": 0.40463874310738035,
      "ks_pvalue": 0.44444444444444453,
      "mannwhitney_qvalue": 0.5772846905615634
    },
    {
      "location": "America",
      "manual_n": 9,
      "wiggle_n": 7,
      "manual_mean": 0.05783856069559875,
      "wiggle_mean": 0.03617212399771077,
      "manual_median": 0.0538702475707889,
      "wiggle_median": 0.0242338329181745,
      "mean_diff_wiggle_minus_manual": -0.02166643669788798,
      "median_diff_wiggle_minus_manual": -0.0296364146526144,
      "cliffs_delta_wiggle_vs_manual": -0.4126984126984127,
      "cohens_d_wiggle_vs_manual": -0.7409695330566802,
      "auc_wiggle_gt_manual": 0.29365079365079366,
      "mannwhitney_pvalue": 0.18546509311703674,
      "ks_pvalue": 0.21765734265734266,
      "mannwhitney_qvalue": 0.5563952793511102
    }
  ],
  "top_weather_signals_by_location": {
    "China": [
      {
        "variable": "wind_steadiness_prev_48h",
        "label": "Wind steadiness\nprevious 48 h",
        "mean_diff_wiggle_minus_manual": -0.07861140548744605,
        "cliffs_delta_wiggle_vs_manual": -0.456,
        "mannwhitney_pvalue": 0.11861936819927167,
        "mannwhitney_qvalue": 0.738067789102639
      },
      {
        "variable": "turning_mean_prev_48h_deg",
        "label": "Mean turning\nprevious 48 h (deg/h)",
        "mean_diff_wiggle_minus_manual": 1.0514285714285716,
        "cliffs_delta_wiggle_vs_manual": 0.36,
        "mannwhitney_pvalue": 0.22007882999913864,
        "mannwhitney_qvalue": 0.738067789102639
      },
      {
        "variable": "turning_total_prev_48h_deg",
        "label": "Total turning\nprevious 48 h (deg)",
        "mean_diff_wiggle_minus_manual": 51.51999999999998,
        "cliffs_delta_wiggle_vs_manual": 0.36,
        "mannwhitney_pvalue": 0.22007882999913864,
        "mannwhitney_qvalue": 0.738067789102639
      },
      {
        "variable": "coherence_mean_prev_48h",
        "label": "Coherence mean\nprevious 48 h",
        "mean_diff_wiggle_minus_manual": -0.0037879210103258787,
        "cliffs_delta_wiggle_vs_manual": -0.328,
        "mannwhitney_pvalue": 0.26497444571196416,
        "mannwhitney_qvalue": 0.738067789102639
      },
      {
        "variable": "La_t_mean_prev_48h",
        "label": "Mean turbulent\nLangmuir number",
        "mean_diff_wiggle_minus_manual": 0.005832357583036463,
        "cliffs_delta_wiggle_vs_manual": 0.264,
        "mannwhitney_pvalue": 0.3725170281957161,
        "mannwhitney_qvalue": 0.738067789102639
      }
    ],
    "Ireland": [
      {
        "variable": "wind_steadiness_prev_48h",
        "label": "Wind steadiness\nprevious 48 h",
        "mean_diff_wiggle_minus_manual": -0.2128866710226628,
        "cliffs_delta_wiggle_vs_manual": -0.78,
        "mannwhitney_pvalue": 0.07852202940081898,
        "mannwhitney_qvalue": 0.7811747727799444
      },
      {
        "variable": "wind_std_prev_48h",
        "label": "Wind variability\nprevious 48 h (m/s)",
        "mean_diff_wiggle_minus_manual": 0.4923545580693389,
        "cliffs_delta_wiggle_vs_manual": 0.58,
        "mannwhitney_pvalue": 0.19485630387324704,
        "mannwhitney_qvalue": 0.7811747727799444
      },
      {
        "variable": "wind_max_prev_48h",
        "label": "Max wind\nprevious 48 h (m/s)",
        "mean_diff_wiggle_minus_manual": 0.8103999999999996,
        "cliffs_delta_wiggle_vs_manual": 0.34,
        "mannwhitney_pvalue": 0.4588334243712969,
        "mannwhitney_qvalue": 0.7811747727799444
      },
      {
        "variable": "coherence_mean_prev_48h",
        "label": "Coherence mean\nprevious 48 h",
        "mean_diff_wiggle_minus_manual": 0.003428787352603768,
        "cliffs_delta_wiggle_vs_manual": -0.34,
        "mannwhitney_pvalue": 0.4588334243712969,
        "mannwhitney_qvalue": 0.7811747727799444
      },
      {
        "variable": "La_t_mean_prev_48h",
        "label": "Mean turbulent\nLangmuir number",
        "mean_diff_wiggle_minus_manual": 0.0036117481283076125,
        "cliffs_delta_wiggle_vs_manual": 0.26,
        "mannwhitney_pvalue": 0.5785001530280085,
        "mannwhitney_qvalue": 0.7811747727799444
      }
    ],
    "America": [
      {
        "variable": "wind_steadiness_prev_48h",
        "label": "Wind steadiness\nprevious 48 h",
        "mean_diff_wiggle_minus_manual": -0.17817034213519328,
        "cliffs_delta_wiggle_vs_manual": -0.4126984126984127,
        "mannwhitney_pvalue": 0.18546509311703674,
        "mannwhitney_qvalue": 0.7655008916769066
      },
      {
        "variable": "coherence_mean_prev_48h",
        "label": "Coherence mean\nprevious 48 h",
        "mean_diff_wiggle_minus_manual": -0.015728536335198884,
        "cliffs_delta_wiggle_vs_manual": -0.25396825396825395,
        "mannwhitney_pvalue": 0.4269226997859221,
        "mannwhitney_qvalue": 0.7655008916769066
      },
      {
        "variable": "wind_std_prev_48h",
        "label": "Wind variability\nprevious 48 h (m/s)",
        "mean_diff_wiggle_minus_manual": -0.18611378845225213,
        "cliffs_delta_wiggle_vs_manual": -0.2222222222222222,
        "mannwhitney_pvalue": 0.49111315110504294,
        "mannwhitney_qvalue": 0.7655008916769066
      },
      {
        "variable": "integrated_supercriticality_prev_48h",
        "label": "Integrated supercriticality\nprevious 48 h",
        "mean_diff_wiggle_minus_manual": 0.40622132324822147,
        "cliffs_delta_wiggle_vs_manual": 0.2222222222222222,
        "mannwhitney_pvalue": 0.49111315110504294,
        "mannwhitney_qvalue": 0.7655008916769066
      },
      {
        "variable": "hours_supercritical_prev_48h",
        "label": "Supercritical hours\nprevious 48 h",
        "mean_diff_wiggle_minus_manual": -4.444444444444443,
        "cliffs_delta_wiggle_vs_manual": -0.20634920634920634,
        "mannwhitney_pvalue": 0.5238283445248568,
        "mannwhitney_qvalue": 0.7655008916769066
      }
    ]
  },
  "regression_summary": {
    "China": {
      "manual:wind_mean_prev_48h": {
        "slope": 0.008494291444306228,
        "intercept": 0.024342789362949896,
        "r2": 0.11896345287248578,
        "r": 0.3449107897304545
      },
      "wiggle:wind_mean_prev_48h": {
        "slope": 0.03574225626822691,
        "intercept": -0.03637456026653042,
        "r2": 0.22568694614249452,
        "r": 0.47506520199073154
      },
      "manual:wind_std_prev_48h": {
        "slope": -0.023396643633908865,
        "intercept": 0.07116447020662407,
        "r2": 0.13458398576286357,
        "r": -0.36685690093395196
      },
      "wiggle:wind_std_prev_48h": {
        "slope": 0.13502004226300177,