{
  "r_wind_spacing": -0.22839635789998725,
  "r_partial_depth_controlled": -0.22839635789998733,
  "within_location_slopes": [
    -9.671805197232063,
    -2.5247534466510584,
    -9.558540356732037,
    14.32524775414271,
    -75.19095165596154
  ],
  "mean_within_slope": -16.5241605804868,
  "status": "complete"
}