{
  "spacing_column": "manual_spacing_m",
  "profile": "uniform",
  "n_observations": 39,
  "n_valid_NL": 36,
  "n_valid_L": 36,
  "rmse_NL_m": 55.37711203525269,
  "bias_NL_m": -1.8853824551925318,
  "r_squared_NL": -0.0011604916481802174,
  "rmse_L_m": 59.70296857342947,
  "bias_L_m": -22.39139535887225,
  "r_squared_L": -0.16368369228808266,
  "capture_rate_2x_NL": 0.9166666666666666,
  "R0": 120.0,
  "kappa": 1.4251844185380738,
  "lcNL": 0.8044485652134712,
  "lcL": 1.1464875606575486,
  "RcNL": 246.09376020896653,
  "RcL": 182.07996518943997
}