{
  "r_wind_spacing": -0.22232542494667865,
  "r_partial_depth_controlled": -0.22232542494667867,
  "within_location_slopes": [
    -9.671805197232063,
    4.155667053680381,
    -9.558540356732037,
    14.32524775414271,
    -75.19095165596154
  ],
  "mean_within_slope": -15.18807648042051,
  "status": "complete"
}