{
  "spacing_column": "wiggle_spacing_m",
  "profile": "uniform",
  "n_observations": 34,
  "n_valid_NL": 34,
  "n_valid_L": 34,
  "rmse_NL_m": 142.75418984301902,
  "bias_NL_m": -95.11597109803566,
  "r_squared_NL": -0.7983832405964595,
  "rmse_L_m": 157.16282621633937,
  "bias_L_m": -115.62198400171538,
  "r_squared_L": -1.179737417222246,
  "capture_rate_2x_NL": 0.5294117647058824,
  "R0": 120.0,
  "kappa": 1.4251844185380738,
  "lcNL": 0.8044485652134712,
  "lcL": 1.1464875606575486,
  "RcNL": 246.09376020896653,
  "RcL": 182.07996518943997
}