{
  "score": 121.92914383155436,
  "score_terms": {
    "rmse": 58.38639095249671,
    "bias": 3.0600559019093665,
    "range": 13.288779383550663,
    "variability": 23.210056466479077,
    "duration": 23.983861127118534,
    "setup": 0.0
  },
  "metrics": {
    "spacing_column": "manual_spacing_m",
    "profile": "shallow_lake_dynamic",
    "n_observations": 39,
    "n_valid_NL": 39,
    "n_valid_L": 39,
    "rmse_NL_m": 57.29017673952505,
    "bias_NL_m": 19.643942815825568,
    "r_squared_NL": -0.1328577571111853,
    "rmse_L_m": 58.48146529655712,
    "bias_L_m": -22.858946135722142,
    "r_squared_L": -0.18046074599853767,
    "capture_rate_2x_NL": 0.6153846153846154,
    "rmse_timeline_obs_m": 58.38639095249671,
    "bias_timeline_obs_m": 12.240223607637466,
    "r_squared_timeline_obs": -0.1766256744194754,
    "capture_rate_timeline_obs_2x": 0.717948717948718,
    "timeline_spacing_q10_m": 71.66124255952374,
    "timeline_spacing_q90_m": 93.33441336766471,
    "timeline_spacing_std_mean_m": 4.263314511173641,
    "timeline_spacing_vs_integrated_supercriticality_corr": -0.7593544450847413,
    "timeline_spacing_vs_setup_corr": 0.8725592007956546,
    "kappa_mean": 2.1057185199861186,
    "kappa_min": 2.100617485663704,
    "kappa_max": 2.107321277332965,
    "Ra_mean": 37976.56399605547,
    "Ra_min": 31835.29199144628,
    "Ra_max": 39650.65767342675,
    "diagnostic_best_family": "wave_history_proxy",
    "diagnostic_best_family_loocv_r2": 0.018007145849455175,
    "observed_q10_m": 40.218809844,
    "observed_q90_m": 99.859921748,
    "predicted_q10_m": 71.66124255952374,
    "predicted_q90_m": 93.33441336766471,
    "mean_timeline_std_m": 4.263314511173641,
    "duration_corr_predicted_vs_integrated_supercriticality": -0.7593544450847413,
    "setup_corr_predicted_vs_setup_at_obs": 0.8725592007956546
  },
  "dynamics": {
    "relaxation_hours": 9.161801170846061,
    "decay_hours": 35.8953676704966,
    "setup_relaxation_hours": 22.24383660747275,
    "setup_decay_hours": 32.78386587009355,
    "setup_u_star_scale": 0.0017299118866348486,
    "setup_supercriticality_scale": 0.07690368758818981,
    "setup_coherence_floor": 0.06214163824978197,
    "immature_l_bias": 1.7424361537953497,
    "recovery_gate_floor": 0.30887580462970005,
    "merge_amplitude_threshold": 0.5692310668887524,
    "merge_setup_threshold": 0.5610226548440359,
    "merge_min_age_hours": 11.969309293681322,
    "merge_timescale_hours": 17.69336542041968,
    "merge_u_star_threshold": 0.0022138549612017366,
    "merge_step_factor": 0.8761102263042759
  },
  "trial_name": "sample_001"
}