{
  "spacing_column": "wiggle_spacing_m",
  "profile": "shallow_lake_dynamic",
  "n_observations": 34,
  "n_valid_NL": 34,
  "n_valid_L": 34,
  "n_fallback": 0,
  "rmse_NL_m": 123.31912071526013,
  "bias_NL_m": -61.8291678823325,
  "r_squared_NL": -0.34203968459163514,
  "rmse_L_m": 160.27828077006723,
  "bias_L_m": -119.84588375498838,
  "r_squared_L": -1.267012265942212,
  "capture_rate_2x_NL": 0.7941176470588235,
  "rmse_timeline_obs_m": 123.31912071526013,
  "bias_timeline_obs_m": -61.8291678823325,
  "r_squared_timeline_obs": -0.34203968459163514,
  "capture_rate_timeline_obs_2x": 0.7941176470588235,
  "timeline_spacing_q10_m": 102.19945190533751,
  "timeline_spacing_q90_m": 103.88454296900804,
  "timeline_spacing_std_mean_m": 1.610145078964329,
  "timeline_spacing_vs_integrated_supercriticality_corr": -0.5336487892003206,
  "rmse_timeline_cl_obs_m": 179.07821548581504,
  "bias_timeline_cl_obs_m": -143.8527477509639,
  "rmse_timeline_response_obs_m": 113.13095036287999,
  "bias_timeline_response_obs_m": -38.65841691738732,
  "timeline_spacing_vs_coherent_run_corr": 0.4807251579674635,
  "timeline_spacing_vs_coherent_run_mean_corr": 0.423950103928422,
  "timeline_spacing_vs_setup_corr": 0.6979912842871112,
  "kappa_mean": 4.982535896477371,
  "kappa_min": 4.732360134452133,
  "kappa_max": 5.241834793173731,
  "wavenumber_ratio_mean": 1.4939479409573488,
  "Ra_mean": 487.503882499273,
  "Ra_min": 452.46868043544913,
  "Ra_max": 520.054330864643,
  "diagnostic_best_family": "direction_persistence",
  "diagnostic_best_family_loocv_r2": -0.14782394318076775
}