{
  "wind_history": {
    "status": "complete",
    "n_samples": 39,
    "features": [
      "wind_mean_prev_48h",
      "wind_max_prev_48h",
      "wind_std_prev_48h",
      "integrated_supercriticality_prev_48h",
      "coherent_run_hours_mean_prev_48h"
    ],
    "r2_in_sample": 0.16181917187120043,
    "r2_loocv": -0.044024379391878865,
    "rmse_in_sample_m": 49.27893711939911,
    "coefficients_standardized": {
      "wind_mean_prev_48h": -34.66619897359531,
      "wind_max_prev_48h": -8.02031234386764,
      "wind_std_prev_48h": 6.822623534421372,
      "integrated_supercriticality_prev_48h": -26.940729336650953,
      "coherent_run_hours_mean_prev_48h": -3.0393244100615378
    },
    "feature_correlations": {
      "wind_mean_prev_48h": -0.3169335758494092,
      "wind_max_prev_48h": -0.20447835355011215,
      "wind_std_prev_48h": 0.012071706566123492,
      "integrated_supercriticality_prev_48h": 0.21492458390042954,
      "coherent_run_hours_mean_prev_48h": -0.2683647551088547
    }
  },
  "wave_history_proxy": {
    "status": "complete",
    "n_samples": 39,
    "features": [
      "Hs_mean_prev_48h",
      "lambda_p_mean_prev_48h",
      "La_t_mean_prev_48h",
      "D_max_mean_prev_48h"
    ],
    "r2_in_sample": 0.1786533035699024,
    "r2_loocv": 0.018007145849455175,
    "rmse_in_sample_m": 48.781564870879606,
    "coefficients_standardized": {
      "Hs_mean_prev_48h": -9.453746774573391,
      "lambda_p_mean_prev_48h": -29.99980165478238,
      "La_t_mean_prev_48h": 34.461266380076346,
      "D_max_mean_prev_48h": -10.58603625034878
    },
    "feature_correlations": {
      "Hs_mean_prev_48h": -0.316938141809931,
      "lambda_p_mean_prev_48h": -0.33629651754786893,
      "La_t_mean_prev_48h": -0.23000281452927576,
      "D_max_mean_prev_48h": -0.31805085944129075
    }
  },
  "direction_persistence": {
    "status": "complete",
    "n_samples": 39,
    "features": [
      "wind_steadiness_prev_48h",
      "turning_mean_prev_48h_deg",
      "turning_total_prev_48h_deg",
      "coherence_mean_prev_48h"
    ],
    "r2_in_sample": 0.22444178793543745,
    "r2_loocv": -0.03555018398797549,
    "rmse_in_sample_m": 47.40232799789989,
    "coefficients_standardized": {
      "wind_steadiness_prev_48h": -11.930752930036194,
      "turning_mean_prev_48h_deg": 15.481504171910967,
      "turning_total_prev_48h_deg": 15.48150417191061,
      "coherence_mean_prev_48h": 16.97413576998938
    },
    "feature_correlations": {
      "wind_steadiness_prev_48h": -0.3801505699376301,
      "turning_mean_prev_48h_deg": 0.37494395915230166,
      "turning_total_prev_48h_deg": 0.3749439591523018,
      "coherence_mean_prev_48h": -0.26496018992394366
    }
  },
  "model_structure": {
    "status": "complete",
    "n_samples": 39,
    "features": [
      "spacing_at_obs_m",
      "spacing_mean_prev_48h_m",
      "amplitude_at_obs",
      "development_at_obs",
      "setup_at_obs",
      "coherent_run_hours_at_obs",
      "unstable_band_width_mean_prev_48h"
    ],
    "r2_in_sample": 0.18711906448108095,
    "r2_loocv": -0.09738436018241825,
    "rmse_in_sample_m": 48.529513737886354,
    "coefficients_standardized": {
      "spacing_at_obs_m": 11.53788288730172,
      "spacing_mean_prev_48h_m": -17.200217362391257,
      "amplitude_at_obs": -17.59158607422112,
      "development_at_obs": 19.975375174675207,
      "setup_at_obs": -22.770021160751558,
      "coherent_run_hours_at_obs": 9.310344026230284,
      "unstable_band_width_mean_prev_48h": -8.146440653656704
    },
    "feature_correlations": {
      "spacing_at_obs_m": -0.28997204568223073,
      "spacing_mean_prev_48h_m": -0.25399996462861996,
      "amplitude_at_obs": -0.3331370374584539,
      "development_at_obs": -0.2902509253592823,
      "setup_at_obs": -0.36626663300452683,
      "coherent_run_hours_at_obs": -0.28004682470621134,
      "unstable_band_width_mean_prev_48h": -0.2936064194520596
    }
  },
  "combined": {
    "status": "complete",
    "n_samples": 39,
    "features": [
      "D_max_mean_prev_48h",
      "Hs_mean_prev_48h",
      "La_t_mean_prev_48h",
      "amplitude_at_obs",
      "coherence_mean_prev_48h",
      "coherent_run_hours_at_obs",
      "coherent_run_hours_mean_prev_48h",
      "development_at_obs",
      "integrated_supercriticality_prev_48h",
      "lambda_p_mean_prev_48h",
      "setup_at_obs",
      "spacing_at_obs_m",
      "spacing_mean_prev_48h_m",
      "turning_mean_prev_48h_deg",
      "turning_total_prev_48h_deg",
      "unstable_band_width_mean_prev_48h",
      "wind_max_prev_48h",
      "wind_mean_prev_48h",
      "wind_std_prev_48h",
      "wind_steadiness_prev_48h"
    ],
    "r2_in_sample": 0.3523606594018799,
    "r2_loocv": -0.29258378291163,
    "rmse_in_sample_m": 43.31707086622573,
    "coefficients_standardized": {
      "D_max_mean_prev_48h": -7.211947108821397,
      "Hs_mean_prev_48h": -6.656494870358401,
      "La_t_mean_prev_48h": 12.357780890534613,
      "amplitude_at_obs": -20.454416815564805,
      "coherence_mean_prev_48h": 2.6184967242444626,
      "coherent_run_hours_at_obs": 14.695741777268212,
      "coherent_run_hours_mean_prev_48h": -3.2896841387795845,
      "development_at_obs": 26.135738970680237,
      "integrated_supercriticality_prev_48h": -15.416834640923087,
      "lambda_p_mean_prev_48h": -16.93531038984073,
      "setup_at_obs": -7.0807563969671605,
      "spacing_at_obs_m": 17.963981848923524,
      "spacing_mean_prev_48h_m": -22.182186876172562,
      "turning_mean_prev_48h_deg": 7.243669915559445,
      "turning_total_prev_48h_deg": 7.243669915558761,
      "unstable_band_width_mean_prev_48h": -7.313692127094685,
      "wind_max_prev_48h": -0.304025322539983,
      "wind_mean_prev_48h": -6.650455950287712,
      "wind_std_prev_48h": -3.176531226286462,
      "wind_steadiness_prev_48h": -14.148861552288746
    },
    "feature_correlations": {
      "D_max_mean_prev_48h": -0.31805085944129075,
      "Hs_mean_prev_48h": -0.316938141809931,
      "La_t_mean_prev_48h": -0.23000281452927576,
      "amplitude_at_obs": -0.3331370374584539,
      "coherence_mean_prev_48h": -0.26496018992394366,
      "coherent_run_hours_at_obs": -0.28004682470621134,
      "coherent_run_hours_mean_prev_48h": -0.2683647551088547,
      "development_at_obs": -0.2902509253592823,
      "integrated_supercriticality_prev_48h": 0.21492458390042954,
      "lambda_p_mean_prev_48h": -0.33629651754786893,
      "setup_at_obs": -0.36626663300452683,
      "spacing_at_obs_m": -0.28997204568223073,
      "spacing_mean_prev_48h_m": -0.25399996462861996,
      "turning_mean_prev_48h_deg": 0.37494395915230166,
      "turning_total_prev_48h_deg": 0.3749439591523018,
      "unstable_band_width_mean_prev_48h": -0.2936064194520596,
      "wind_max_prev_48h": -0.20447835355011215,
      "wind_mean_prev_48h": -0.3169335758494092,
      "wind_std_prev_48h": 0.012071706566123492,
      "wind_steadiness_prev_48h": -0.3801505699376301
    }
  },
  "best_family_by_loocv_r2": "wave_history_proxy",
  "best_family_loocv_r2": 0.018007145849455175
}