{
  "spacing_column": "manual_spacing_m",
  "profile": "shallow_lake_dynamic",
  "n_observations": 39,
  "n_valid_NL": 39,
  "n_valid_L": 39,
  "rmse_NL_m": 57.29017673952505,
  "bias_NL_m": 19.643942815825568,
  "r_squared_NL": -0.1328577571111853,
  "rmse_L_m": 58.48146529655712,
  "bias_L_m": -22.858946135722142,
  "r_squared_L": -0.18046074599853767,
  "capture_rate_2x_NL": 0.6153846153846154,
  "rmse_timeline_obs_m": 103.50639365572117,
  "bias_timeline_obs_m": 54.31339553166017,
  "r_squared_timeline_obs": -2.6978510457616536,
  "capture_rate_timeline_obs_2x": 0.4358974358974359,
  "timeline_spacing_q10_m": 57.61489894060654,
  "timeline_spacing_q90_m": 197.83957230954226,
  "timeline_spacing_std_mean_m": 18.388727038423365,
  "timeline_spacing_vs_integrated_supercriticality_corr": -0.8240741482451859,
  "timeline_spacing_vs_coherent_run_corr": 0.943353308174838,
  "timeline_spacing_vs_coherent_run_mean_corr": 0.8419411684130366,
  "timeline_spacing_vs_setup_corr": 0.8192583512599555,
  "kappa_mean": 2.1057185199861186,
  "kappa_min": 2.100617485663704,
  "kappa_max": 2.107321277332965,
  "Ra_mean": 37976.56399605547,
  "Ra_min": 31835.29199144628,
  "Ra_max": 39650.65767342675,
  "diagnostic_best_family": "wave_history_proxy",
  "diagnostic_best_family_loocv_r2": 0.018007145849455175
}