{
  "spacing_column": "manual_spacing_m",
  "profile": "uniform",
  "n_observations": 39,
  "n_valid_NL": 39,
  "n_valid_L": 39,
  "rmse_NL_m": 61.37734241093485,
  "bias_NL_m": 29.517190028085643,
  "r_squared_NL": -0.30026304182324437,
  "rmse_L_m": 58.48146529655712,
  "bias_L_m": -22.858946135722128,
  "r_squared_L": -0.18046074599853767,
  "capture_rate_2x_NL": 0.48717948717948717,
  "R0": 120.0,
  "kappa": 1.4251844185380738,
  "lcNL": 0.8044485652134712,
  "lcL": 1.1464875606575486,
  "RcNL": 246.09376020896653,
  "RcL": 182.07996518943997
}