{
  "spacing_column": "wiggle_spacing_m",
  "profile": "shallow_lake_dynamic",
  "n_observations": 34,
  "n_valid_NL": 34,
  "n_valid_L": 34,
  "n_fallback": 0,
  "rmse_NL_m": 162.17570374119896,
  "bias_NL_m": -122.60838934152865,
  "r_squared_NL": -1.321005136949331,
  "rmse_L_m": 160.27828077006723,
  "bias_L_m": -119.84588375498838,
  "r_squared_L": -1.267012265942212,
  "capture_rate_2x_NL": 0.14705882352941177,
  "rmse_timeline_obs_m": 162.17570374119896,
  "bias_timeline_obs_m": -122.60838934152865,
  "r_squared_timeline_obs": -1.321005136949331,
  "capture_rate_timeline_obs_2x": 0.14705882352941177,
  "timeline_spacing_q10_m": 37.93410778409729,
  "timeline_spacing_q90_m": 46.51286730379519,
  "timeline_spacing_std_mean_m": 2.0801858681391594,
  "timeline_core_spacing_q10_m": 37.93410778409729,
  "timeline_core_spacing_q90_m": 46.51286730379519,
  "rmse_timeline_core_obs_m": 162.17570374119896,
  "timeline_visibility_q10": 0.05876091140661941,
  "timeline_visibility_q90": 0.3066630946152017,
  "timeline_core_spacing_range_mean_m": 8.105276973403539,
  "timeline_state_saturated_fraction": 0.0,
  "timeline_spacing_vs_integrated_supercriticality_corr": 0.556352576915854,
  "timeline_spacing_vs_wind_mean_corr": -0.40144823037186694,
  "timeline_core_spacing_vs_wind_mean_corr": -0.40144823037186694,
  "rmse_timeline_cl_obs_m": 164.0930982239284,
  "bias_timeline_cl_obs_m": -125.41889237332695,
  "rmse_timeline_response_obs_m": 118.53043345028914,
  "bias_timeline_response_obs_m": -52.3528692886148,
  "timeline_spacing_vs_coherent_run_corr": -0.21268745932451957,
  "timeline_spacing_vs_coherent_run_mean_corr": -0.3033741854365872,
  "timeline_spacing_vs_setup_corr": -0.9736339773234002,
  "timeline_spacing_vs_cancellation_corr": -0.8069147833356581,
  "mismatch_class_counts": {
    "observation-outside-envelope": 16,
    "envelope_match": 15,
    "visibility-limited": 3
  },
  "kappa_mean": 4.982535896477371,
  "kappa_min": 4.732360134452133,
  "kappa_max": 5.241834793173731,
  "wavenumber_ratio_mean": 1.4939479409573488,
  "Ra_mean": 487.503882499273,
  "Ra_min": 452.46868043544913,
  "Ra_max": 520.054330864643,
  "diagnostic_best_family": "direction_persistence",
  "diagnostic_best_family_loocv_r2": -0.14782394318076775
}