{
  "spacing_column": "manual_spacing_m",
  "profile": "shallow_lake_dynamic",
  "n_observations": 39,
  "n_valid_NL": 39,
  "n_valid_L": 39,
  "n_fallback": 0,
  "rmse_NL_m": 63.16602853309363,
  "bias_NL_m": 32.72807861204183,
  "r_squared_NL": -0.37715303325190086,
  "rmse_L_m": 59.63212669227902,
  "bias_L_m": -25.68187381050688,
  "r_squared_L": -0.2273704269077086,
  "capture_rate_2x_NL": 0.48717948717948717,
  "rmse_timeline_obs_m": 63.16602853309363,
  "bias_timeline_obs_m": 32.72807861204183,
  "r_squared_timeline_obs": -0.37715303325190086,
  "capture_rate_timeline_obs_2x": 0.48717948717948717,
  "timeline_spacing_q10_m": 102.44115359560038,
  "timeline_spacing_q90_m": 104.47777717151595,
  "timeline_spacing_std_mean_m": 1.0991012052328692,
  "timeline_spacing_vs_integrated_supercriticality_corr": -0.12698623124618874,
  "rmse_timeline_cl_obs_m": 73.71006359721312,
  "bias_timeline_cl_obs_m": -50.27314260031478,
  "rmse_timeline_response_obs_m": 77.43260107101054,
  "bias_timeline_response_obs_m": 55.695370416574164,
  "timeline_spacing_vs_coherent_run_corr": -0.013477399198709829,
  "timeline_spacing_vs_coherent_run_mean_corr": -0.057088713241057805,
  "timeline_spacing_vs_setup_corr": NaN,
  "kappa_mean": 4.941412501814228,
  "kappa_min": 4.729924576229951,
  "kappa_max": 5.4324198730884925,
  "wavenumber_ratio_mean": 1.4907964991682223,
  "Ra_mean": 481.52774665636997,
  "Ra_min": 452.10034728124344,
  "Ra_max": 539.4919786932506,
  "diagnostic_best_family": "wind_history",
  "diagnostic_best_family_loocv_r2": 0.07671874315632532
}